{
  "IcoMoonType": "selection",
  "icons": [
    {
      "icon": {
        "paths": [
          "M494.121 0c19.505 0 35.759 16.254 35.759 35.759s-16.254 35.759-35.759 35.759h-370.59l611.149 611.149c13.003 13.003 13.003 35.759 0 52.013-13.003 13.003-39.010 13.003-52.013 0l-611.149-611.149v370.59c0 19.505-16.254 35.759-35.759 35.759s-35.759-16.254-35.759-35.759v-458.362c0-19.505 16.254-35.759 35.759-35.759h458.362z",
          "M523.378 1017.498c-19.505 0-35.759-16.254-35.759-35.759s16.254-35.759 35.759-35.759h370.59l-611.149-611.149c-13.003-13.003-13.003-35.759 0-52.013 13.003-13.003 39.010-13.003 52.013 0l607.898 611.149v-370.59c0-19.505 16.254-35.759 35.759-35.759s35.759 16.254 35.759 35.759v458.362c0 19.505-16.254 35.759-35.759 35.759h-455.111z"
        ],
        "attrs": [
          {},
          {}
        ],
        "isMulticolor": false,
        "isMulticolor2": false,
        "grid": 0,
        "tags": [
          "expand (2)"
        ]
      },
      "attrs": [
        {},
        {}
      ],
      "properties": {
        "order": 48,
        "id": 3,
        "name": "arrow-expand",
        "prevSize": 32,
        "code": 59651
      },
      "setIdx": 0,
      "setId": 0,
      "iconIdx": 0
    },
    {
      "icon": {
        "paths": [
          "M334.018 162.863c14.436-14.436 37.164-14.436 51.6 0 13.949 13.949 13.949 37.164 0 51.080l-261.641 261.641h863.38c20.126 0 36.643 15.997 36.643 36.123s-16.517 36.643-36.643 36.643h-863.38l261.641 261.153c13.949 14.436 13.949 37.684 0 51.6-14.436 14.436-37.164 14.436-51.6 0l-323.581-323.581c-13.949-13.949-13.949-37.164 0-51.080l323.581-323.581z"
        ],
        "attrs": [
          {}
        ],
        "isMulticolor": false,
        "isMulticolor2": false,
        "tags": [
          "mi-arrow-left"
        ],
        "grid": 0
      },
      "attrs": [
        {}
      ],
      "properties": {
        "order": 38,
        "id": 0,
        "name": "arrow-left",
        "prevSize": 32,
        "code": 59648
      },
      "setIdx": 0,
      "setId": 0,
      "iconIdx": 1
    },
    {
      "icon": {
        "paths": [
          "M689.55 162.819c-13.95-14.438-37.168-14.438-51.606 0-13.95 13.95-13.95 37.168 0 51.086l261.674 261.674h-863.49c-20.129 0.033-36.128 16.032-36.128 36.16s15.999 36.648 36.128 36.648h863.49l-261.674 261.187c-13.95 14.438-13.95 37.689 0 51.606 14.438 14.438 37.689 14.438 51.606 0l323.622-323.622c14.438-13.95 14.438-37.168 0-51.086l-323.622-323.654z"
        ],
        "attrs": [
          {}
        ],
        "isMulticolor": false,
        "isMulticolor2": false,
        "tags": [
          "mi-arrow-right"
        ],
        "grid": 0
      },
      "attrs": [
        {}
      ],
      "properties": {
        "order": 39,
        "id": 1,
        "name": "arrow-right",
        "prevSize": 32,
        "code": 59649
      },
      "setIdx": 0,
      "setId": 0,
      "iconIdx": 2
    },
    {
      "icon": {
        "paths": [
          "M14.501 85.438c-19.2-19.2-19.2-51.155 0-71.027 19.871-19.2 51.155-19.2 71.027 0l426.204 426.92 426.92-426.92c19.2-19.2 51.155-19.2 70.31 0 19.871 19.871 19.871 51.871 0 71.027l-426.204 426.249 426.204 426.92c19.871 19.2 19.871 51.155 0 71.027-19.2 19.2-51.155 19.2-70.31 0l-426.92-426.92-426.204 426.92c-19.871 19.2-51.155 19.2-71.027 0-19.2-19.871-19.2-51.871 0-71.027l426.204-426.92-426.204-426.249z"
        ],
        "attrs": [
          {}
        ],
        "isMulticolor": false,
        "isMulticolor2": false,
        "tags": [
          "mi-close"
        ],
        "grid": 0
      },
      "attrs": [
        {}
      ],
      "properties": {
        "order": 40,
        "id": 2,
        "name": "close",
        "prevSize": 32,
        "code": 59650
      },
      "setIdx": 0,
      "setId": 0,
      "iconIdx": 3
    }
  ],
  "height": 1024,
  "metadata": {
    "name": "missio"
  },
  "preferences": {
    "showGlyphs": true,
    "showQuickUse": true,
    "showQuickUse2": true,
    "showSVGs": true,
    "fontPref": {
      "prefix": "mi-",
      "metadata": {
        "fontFamily": "missio",
        "majorVersion": 1,
        "minorVersion": 0
      },
      "metrics": {
        "emSize": 1024,
        "baseline": 6.25,
        "whitespace": 50
      },
      "embed": false,
      "showSelector": true
    },
    "imagePref": {
      "prefix": "icon-",
      "png": true,
      "useClassSelector": true,
      "color": 0,
      "bgColor": 16777215,
      "classSelector": ".icon"
    },
    "historySize": 50,
    "showCodes": true,
    "gridSize": 16
  }
}