<?xml version="1.0" encoding="UTF-8"?>
<!DOCTYPE mapper
  PUBLIC "-//mybatis.org//DTD Mapper 3.0//EN"
  "http://mybatis.org/dtd/mybatis-3-mapper.dtd">
<mapper namespace="com.animalplanet.www.repository.MemberFileDAO">
<sql id="cond">
	from file where
</sql>
	<insert id="insertMemberFile" parameterType="fvo">
		insert into file (uuid, save_dir, file_name, file_type, mno, file_size)
		values (#{uuid}, #{saveDir}, #{fileName}, #{fileType}, #{mno}, #{fileSize})		
	</insert>
	<select id="selectListMemberFile" parameterType="long" resultType="fvo">
		select * <include refid="cond"/> mno = #{mno}
	</select>
	<delete id="deleteMemberFile" parameterType="string">
		delete <include refid="cond"/> uuid = #{uuid}
	</delete>
	<delete id="deleteAllMemberFile" parameterType="long">
		delete <include refid="cond"/> mno = #{mno}
	</delete>
	<select id="selectOneMno" parameterType="string" resultType="long">
		select mno <include refid="cond"/> uuid = #{uuid}
	</select>
		<select id="selectListAllFiles" resultType="fvo">
		select * from file;
	</select>
</mapper>