<?xml version="1.0" encoding="UTF-8"?>
<!DOCTYPE mapper
  PUBLIC "-//mybatis.org//DTD Mapper 3.0//EN"
  "http://mybatis.org/dtd/mybatis-3-mapper.dtd">
<mapper namespace="com.animalplanet.www.repository.PFileDAO">
<sql id="cond">
	from file where
</sql>
	<insert id="insertPFile" parameterType="fvo">
		insert into file (uuid, save_dir, file_name, file_type, npno, file_size)
		values (#{uuid}, #{saveDir}, #{fileName}, #{fileType}, #{npno}, #{fileSize})		
	</insert>
	<select id="selectListPFile" parameterType="long" resultType="fvo">
		select * <include refid="cond"/> npno = #{npno}
	</select>
	<delete id="deletePFile" parameterType="string">
		delete <include refid="cond"/> uuid = #{uuid}
	</delete>
	<delete id="deleteAllPFile" parameterType="long">
		delete <include refid="cond"/> npno = #{npno}
	</delete>
	<select id="selectOnePno" parameterType="string" resultType="long">
		select npno <include refid="cond"/> uuid = #{uuid}
	</select>
	<select id="selectListAllFiles" resultType="fvo">
		select * from file;
	</select>
</mapper>